StartEndPage,Level1,Level2,Level3
50,1,2,2
463,73,12,4
,107,20,10
,131,28,12
,161,36,14
,209,74,16
,253,80,20
,307,88,22
,347,108,24
,373,116,28
,399,132,30
,,140,32
,,162,36
,,172,38
,,178,42
,,190,74
,,210,76
,,218,78
,,226,80
,,234,82
,,254,84
,,263,88
,,275,90
,,308,92
,,324,108
,,348,110
,,356,112
,,374,116
,,382,118
,,400,120
,,408,132
,,418,134
,,430,136
,,438,140
,,,144
,,,146
,,,162
,,,164
,,,168
,,,172
,,,174
,,,176
,,,178
,,,182
,,,186
,,,190
,,,192
,,,210
,,,212
,,,214
,,,218
,,,220
,,,222
,,,226
,,,228
,,,232
,,,234
,,,236
,,,238
,,,254
,,,257
,,,259
,,,263
,,,267
,,,271
,,,275
,,,279
,,,281
,,,308
,,,310
,,,312
,,,316
,,,320
,,,322
,,,324
,,,330
,,,348
,,,350
,,,354
,,,356
,,,358
,,,360
,,,374
,,,376
,,,378
,,,382
,,,384
,,,386
,,,400
,,,404
,,,406
,,,408
,,,410
,,,414
,,,418
,,,422
,,,426
,,,430
,,,432
,,,434
,,,438
,,,440
,,,442
